<application>
  <component name="AppStorage">
    <histories>
      <item value="PMSUSPENDED" />
      <item value="FROM" />
      <item value="MIGRATION" />
      <item value="BLOCKED" />
      <item value="ELEMENT" />
      <item value="during those" />
      <item value="or a custom Marshaler's MarshalXML invoked" />
      <item value="indented" />
      <item value="Delimiter" />
      <item value="Let the periodic syncBatch handle the update if the channel is full. We can't block, since we hold the mutex lock." />
      <item value="triggered" />
      <item value="The intent here is to prevent concurrent updates to a pod's status from clobbering each other so the phase of a pod progresses monotonically." />
      <item value="Period" />
      <item value="Clean up orphaned versions" />
      <item value="Record the time it takes for the pod to become running." />
      <item value="Ticker can link since this is only called once and doesn't handle termination." />
      <item value="repeated" />
      <item value="latency" />
      <item value="syncPod is the transaction script for the sync of a single pod." />
      <item value="TODO(proppy): health checking would be better than waiting + checking the state at the next iteration." />
      <item value="the pod worker still needs to be able to trigger an update and/or deletion." />
      <item value="updateStatusInternal updates the internal status cache, and queues an update to the api server if necessary. Returns whether an update was triggered." />
      <item value="Clean up orphaned versions." />
      <item value="Critical section" />
      <item value="Mirror" />
      <item value="since this is only called once and doesn't handle termination." />
      <item value="The statusManager cache provides pod IP and container IDs for probing." />
      <item value="Start syncing startup" />
      <item value="probing" />
      <item value="start syncing lease" />
      <item value="lease" />
      <item value="set up stopCh here in order to be reused by kubelet and docker shim" />
      <item value="decimal" />
      <item value="Reduce" />
      <item value="Enforce" />
      <item value="The returned values have the property that path = dir+file." />
      <item value="property" />
      <item value="returns a relative path that is lexically equivalent to targpath when" />
      <item value="slash" />
      <item value="calculate" />
      <item value="re-establishes the heap ordering after the element at index i has changed its value" />
      <item value="Threshold" />
      <item value="Topology" />
      <item value="receive data from new grpc stream" />
      <item value="To check errors use ParseQuery." />
      <item value="It silently discards malformed value pairs." />
      <item value="Response is the redirect response which caused this request // to be created. This field is only populated during client // redirects." />
      <item value="Round" />
      <item value="Tripper" />
      <item value="Round Tripper" />
    </histories>
    <option name="languageScores">
      <map>
        <entry key="CHINESE" value="366" />
        <entry key="ENGLISH" value="367" />
        <entry key="ESTONIAN" value="1" />
        <entry key="BULGARIAN" value="1" />
        <entry key="FRENCH" value="1" />
        <entry key="FILIPINO" value="1" />
        <entry key="DUTCH" value="1" />
        <entry key="CORSICAN" value="1" />
        <entry key="LATIN" value="1" />
        <entry key="ROMANIAN" value="1" />
        <entry key="NORWEGIAN" value="1" />
      </map>
    </option>
  </component>
  <component name="Settings">
    <option name="ignoreRegExp" value="" />
  </component>
</application>