<application>
  <component name="AppStorage">
    <histories>
      <item value="Verify RunAsNonRoot. Non-root verification only supports numeric user." />
      <item value="Partial" />
      <item value="containing boilerplate common to starting all types of containers" />
      <item value="boilerplate" />
      <item value="pick additional ips" />
      <item value="Overwrite the podIPs passed in the pod status, since we just started the pod sandbox." />
      <item value="seccomp" />
      <item value="that container runtime is expected to be isolated in." />
      <item value="housekeeping" />
      <item value="essentially" />
      <item value="Returns a noop implementation if qos cgroup hierarchy is not enabled" />
      <item value="noop" />
      <item value="if qos cgroup hierarchy is not enabled" />
      <item value="hierarchy" />
      <item value="deprecating podsandbox resource requirements in favor of the pod level cgroup" />
      <item value="cgroup" />
      <item value="Exposed for integration testing" />
      <item value="configures masquerading: traffic to IPs outside this range will use IP masquerade." />
      <item value="existence" />
      <item value="promiscuous" />
      <item value="pin" />
      <item value="literal" />
      <item value="colon" />
      <item value="Run hack/update-vendor.sh to update go.mod files and the vendor directory" />
      <item value="pinned" />
      <item value="Run hack/pin-dependency.sh to change pinned dependency versions." />
      <item value="Experimental" />
      <item value="uniquely" />
      <item value="easy to test the code." />
      <item value="dependent" />
      <item value="bootstrapping" />
      <item value="starts the kubelet reacting to config updates" />
      <item value="returns a channel of updates to the configuration, properly denormalized." />
      <item value="Make data directories for the pod" />
      <item value="a brief single-word reason why the pod could not be admitted." />
      <item value="provides the result of a pod admission decision." />
      <item value="Record the time it takes for the pod to become running." />
      <item value="// Record pod worker start latency if being created" />
      <item value="Callers should not throw an event if this operation returns an error." />
      <item value="accurate" />
      <item value="This operation writes all events that are dispatched in order to provide" />
      <item value="repeated" />
      <item value="Update the traffic shaping for the pod's ingress and egress limits" />
      <item value="record pod worker start latency" />
      <item value="the SyncPodOptions for this invocation" />
      <item value="Critical" />
      <item value="eviction" />
      <item value="is an abstract interface for testability." />
      <item value="Protects all per worker fields." />
      <item value="bootstrap" />
    </histories>
    <option name="languageScores">
      <map>
        <entry key="CHINESE" value="131" />
        <entry key="ENGLISH" value="132" />
        <entry key="ESTONIAN" value="1" />
      </map>
    </option>
  </component>
  <component name="Settings">
    <option name="ignoreRegExp" value="" />
  </component>
</application>